id,month,where,english,latin,variety,marker,source
"w1-hello","month1","week 1","Hello","sa-LAM","northern","","brief"
"w1-marhba","month1","week 1","Welcome / you're welcome","MERH-ba","northern","","draft"
"w1-labas","month1","week 1","How are you?","LA-bas","northern","","brief"
"w1-bikhir","month1","week 1","I'm well / fine","b-KHEER","northern","","draft"
"w1-smiti","month1","week 1","My name is...","SMEE-tee","northern","","brief"
"w1-from","month1","week 1","I am from America","A-na men am-REE-ka","northern","","brief"
"w1-please","month1","week 1","Please","a-FAK","northern","","brief"
"w1-thanks","month1","week 1","Thank you","SHOOK-ran","northern","","brief"
"w1-bye","month1","week 1","Goodbye","bes-la-MA","northern","","brief"
"w2-n1","month1","week 2","One","WA-hed","northern","","draft"
"w2-n2","month1","week 2","Two","ZHOOZH","northern","","draft"
"w2-n3","month1","week 2","Three","tla-TA","northern","","draft"
"w2-n4","month1","week 2","Four","reb-3A","northern","","draft"
"w2-n5","month1","week 2","Five","khem-SA","northern","","draft"
"w2-n6","month1","week 2","Six","set-TA","northern","","draft"
"w2-n7","month1","week 2","Seven","seb-3A","northern","","draft"
"w2-n8","month1","week 2","Eight","tmen-YA","northern","","draft"
"w2-n9","month1","week 2","Nine","tes-3A","northern","","draft"
"w2-n10","month1","week 2","Ten","3ash-RA","northern","","draft"
"w2-n11","month1","week 2","Eleven","hda-SH","northern","","draft"
"w2-n12","month1","week 2","Twelve","tna-SH","northern","","draft"
"w2-n13","month1","week 2","Thirteen","tel-ta-SH","northern","","draft"
"w2-n14","month1","week 2","Fourteen","reb-3ta-SH","northern","","draft"
"w2-n15","month1","week 2","Fifteen","khem-sta-SH","northern","","draft"
"w2-n16","month1","week 2","Sixteen","set-ta-SH","northern","","draft"
"w2-n17","month1","week 2","Seventeen","sbe3-ta-SH","northern","","draft"
"w2-n18","month1","week 2","Eighteen","tmen-ta-SH","northern","","draft"
"w2-n19","month1","week 2","Nineteen","tse3-ta-SH","northern","","draft"
"w2-n20","month1","week 2","Twenty","3esh-REEN","northern","","draft"
"w2-wash","month1","week 2","Do you have...? (yes/no marker)","WASH 3en-DEK","northern","","draft"
"w2-bshhal","month1","week 2","How much?","bsh-HAL","northern","","brief"
"w2-ghali","month1","week 2","That is expensive","GHA-li b-ZAF","northern","","draft"
"w2-3tini","month1","week 2","Give me...","3-TEE-ni","northern","","draft"
"w2-bghit","month1","week 2","I want...","BGHEET","northern","","draft"
"w2-yes","month1","week 2","Yes","EE-yeh","northern","","draft"
"w2-no","month1","week 2","No","LA","northern","","draft"
"w2-ok","month1","week 2","Okay / fine","WA-kha","northern","","draft"
"w2-sa3a","month1","week 2","Hour / o'clock / time","SA-3a","northern","","brief"
"w2-time-q","month1","week 2","What time is it?","sh-HAL fes-SA-3a","northern","","draft"
"w2-nos","month1","week 2","Half","NOS","northern","","brief"
"w2-rob3","month1","week 2","Quarter","ROB3","northern","","brief"
"w2-daba","month1","week 2","Now","DA-ba","northern","","research"
"w2-menb3d","month1","week 2","Later","men B3ED","northern","","draft"
"w3-fin","month1","week 3","Where is...?","FEEN KA-yen","northern","","brief"
"w3-nishan","month1","week 3","Straight ahead","nee-SHAN","northern","","brief"
"w3-limen","month1","week 3","Right","LEE-men","northern","","brief"
"w3-b3id","month1","week 3","Far","b-3EED","northern","","brief"
"w3-hna","month1","week 3","Here","HNA","northern","","draft"
"w3-temma","month1","week 3","There","TEM-ma","northern","","draft"
"w3-dor","month1","week 3","Turn","DOOR","northern","","draft"
"w3-smehli","month1","week 3","Excuse me","SMEH LEE-ya","northern","","draft"
"w3-kifash","month1","week 3","How do I get to...?","kee-FASH NEM-shi l-","northern","","draft"
"w3-taxi","month1","week 3","Taxi","TAK-si","northern","","draft"
"w3-dini","month1","week 3","Take me to...","DEE-ni l-","northern","","draft"
"w3-medina","month1","week 3","The old medina","l-m-DEE-na l-q-DEE-ma","northern","","research"
"x-falso","month1","extra","Fake / not genuine","FAL-so","northern","","research"
