proposal_id,priority,context,communicative_target_english,coverage,existing_ids_or_situation_ids,observed_form_exact,form_evidence,scope_or_review_status,next_action_and_limits,primary_source_url,learner_arabic_with_harakat,release_status
V01,A,Payment,Ask for change for a banknote,new intention,w2-bshhal;m2-flus;w2-n1..w2-n20,,English elicitation only,pending Ahmed,Ask how a customer requests change and how the seller refuses; distinguish change from exchange of currency.,,,Draft for Ahmed review; not learner-ready; no automatic import
V02,A,Payment,Ask whether cash or a payment card is accepted,new intention,m2-flus;m2-banka;w2-wash,,English elicitation only,pending Ahmed,Elicit both payment nouns and a natural question; no claim that every shop accepts cards.,,,Draft for Ahmed review; not learner-ready; no automatic import
V03,B,Payment,Ask for a receipt,new intention,m2-hsab;w1-please,,English elicitation only,pending Ahmed,Receipt is distinct from bill/total already taught.,,,Draft for Ahmed review; not learner-ready; no automatic import
V04,A,Payment,Understand and say prices from 30 to 100,partly covered; systematic extension,w2-n1..w2-n20;s6-5;d4,tla-TEEN,existing sentence s6-5 phon; inherited/unverified,inherit nothing automatically,"Thirty occurs already; 35 occurs in d4. Build remaining tens and combinations through Ahmed. New price listening prompts should vary amount, not teach fictional tariffs.",https://github.com/a7mad7amdoun/darija-tetouan/blob/22d6b0c/data/month2.js,,Draft for Ahmed review; not learner-ready; no automatic import
V05,A,Belongings,Name my bag and report leaving it somewhere,text-only; possible standalone chunk,m2-nsit;s8-4,s-SAK dya-LI,existing sentence s8-4 phon; inherited/unverified,pending Ahmed,Exact chunk means my bag in this sentence. Do not silently reuse it for a disposable shopping bag; elicit that sense separately.,https://github.com/a7mad7amdoun/darija-tetouan/blob/22d6b0c/data/month2.js,,Draft for Ahmed review; not learner-ready; no automatic import
V06,A,Food,Ask for an order to take away,new intention,w2-bghit;x-bokadyo;s5-1,,English elicitation only,pending Ahmed,Elicit takeaway versus eating here; do not simply translate an English idiom word for word.,,,Draft for Ahmed review; not learner-ready; no automatic import
V07,A,Food,Say I am allergic to a named ingredient and check if food contains it,new intention,m2-bla;m2-hlib;m2-bid;m2-khodra,,English elicitation only,pending Ahmed,Food preference without an ingredient is already partly covered; allergy is a different meaning. Teach communication only and locally verify the actual wording.,,,Draft for Ahmed review; not learner-ready; no automatic import
V08,A,Market,Ask the fish seller to clean or prepare the fish,new verb sense/intention,m2-hut;m2-naqi;s6-1;d2,,English elicitation only,pending Ahmed,Clean adjective already exists; the request/action does not. Ask Ahmed which preparation request he actually uses.,,,Draft for Ahmed review; not learner-ready; no automatic import
V09,B,Market,Name sardines while choosing fish,dialogue-only; possible standalone word,m2-hut;d2,sar-DEEN,existing dialogue d2 Seller turn; inherited/unverified,pending Ahmed,Do not count as wholly new course content. Review pronunciation and singular/collective usage before a card.,https://github.com/a7mad7amdoun/darija-tetouan/blob/22d6b0c/data/month3.js,,Draft for Ahmed review; not learner-ready; no automatic import
V10,A,Payment,Recognize dirhams in a quoted price,dialogue-only; possible standalone word,w2-bshhal;m2-flus;d2;d3,DER-hem,existing dialogue d2 price turn; inherited/unverified,pending Ahmed,"Exact singular-shaped form occurs in a price. Ask Ahmed to approve number/quantity usage, rather than generate plural rules.",https://github.com/a7mad7amdoun/darija-tetouan/blob/22d6b0c/data/month3.js,,Draft for Ahmed review; not learner-ready; no automatic import
V11,A,Appointments,Book an appointment for a specified day and time,new intention,m3-mow3id;w2-time-q;m3-nlaqak;s10-4;s10-7,,English elicitation only,pending Ahmed,An appointment noun and having an appointment are present; booking is not.,,,Draft for Ahmed review; not learner-ready; no automatic import
V12,B,Appointments,Move or cancel an appointment politely,new intention,m3-mow3id;m3-imken;w2-ghedda;s5-10,,English elicitation only,pending Ahmed,Capture one natural postponement and one cancellation; preserve distinct meanings.,,,Draft for Ahmed review; not learner-ready; no automatic import
V13,A,Appointments,Tell someone I will be ten minutes late,new intention,w2-n10;m2-shwiya-lwaqt;s7-3,,English elicitation only,pending Ahmed,It is late already occurs; arriving late by a measured duration is new. Elicit minute/minutes.,,,Draft for Ahmed review; not learner-ready; no automatic import
V14,B,Opening hours,Recognize that a shop is closed and ask when it closes,text-only state plus new question,w2-fuyax;s9-2;time,m-SED-da,existing sentence s9-2 phon; inherited/unverified,pending Ahmed,When does it open is already in time ladder and w2-fuyax example. Keep exact inherited closed form pending agreement/gender review; do not manufacture a lemma.,https://github.com/a7mad7amdoun/darija-tetouan/blob/22d6b0c/data/month3.js,,Draft for Ahmed review; not learner-ready; no automatic import
V15,B,Neighbourhood,Name the small shop as a place,sentence-only; possible standalone word,m2-suq;s9-2;shop,l-HA-nut,existing sentence s9-2 phon; inherited/unverified,pending Ahmed,Market has a card; shop/bakery ladder title is English. This local place noun occurs in s9-2 but lacks a card.,https://github.com/a7mad7amdoun/darija-tetouan/blob/22d6b0c/data/month3.js,,Draft for Ahmed review; not learner-ready; no automatic import
V16,A,Contact,Give and ask for a phone number,new intention,m2-telefon;w2-n1..w2-n20,,English elicitation only,pending Ahmed,Prioritize hearing digit groups and confirming a repeated number; do not expose real learners contact details in examples.,,,Draft for Ahmed review; not learner-ready; no automatic import
V17,A,Contact,Ask someone to send an address or location pin,new intention,m2-telefon;w3-fin;w3-hawma,,English elicitation only,pending Ahmed,Address and map location may use different wording; obtain real local phrasing.,,,Draft for Ahmed review; not learner-ready; no automatic import
V18,A,Phone,Ask to recharge phone credit or mobile data,new intention,m2-telefon;m2-flus;w2-bghit,,English elicitation only,pending Ahmed,"Credit and data are distinct products; ask for wording used in nearby shops, with no invented package prices.",,,Draft for Ahmed review; not learner-ready; no automatic import
V19,B,Phone,Ask for the Wi-Fi password,new intention,m2-telefon;w1-please,,English elicitation only,pending Ahmed,Elicit password noun and polite request; imported technical terms can be locally correct without being city-exclusive.,,,Draft for Ahmed review; not learner-ready; no automatic import
V20,B,Phone,Ask for the right phone charger,new intention,m2-telefon;w2-wash;m2-khassni,,English elicitation only,pending Ahmed,Elicit charger and matching connector/fit only if useful to these learners.,,,Draft for Ahmed review; not learner-ready; no automatic import
V21,A,Delivery,Tell a delivery person which entrance and floor to use,new intention,m2-bab;m2-dar;w3-hna;w3-tla3;w3-hawwed,,English elicitation only,pending Ahmed,"Door and up/down already exist; floor, stairs and entrance instructions are the new vocabulary.",,,Draft for Ahmed review; not learner-ready; no automatic import
V22,A,Home,Explain that I am locked out or have lost my key,new intention,m2-mfteh;m2-bab;m2-nsit;m3-lqit,,English elicitation only,pending Ahmed,Forgot and found already exist; lost-key and locked-out meanings need their own wording.,,,Draft for Ahmed review; not learner-ready; no automatic import
V23,A,Home,Report a leaking tap or water leak,new intention,m2-ma;w2-lma;m2-kharban;m2-makhdamsh,,English elicitation only,pending Ahmed,Broken/not working are already taught; tap and leak are not. Obtain natural problem description.,,,Draft for Ahmed review; not learner-ready; no automatic import
V24,A,Home,Name electricity and explain a power cut,attested noun plus new intention,m2-makhdamsh;m2-kharban,ḍ-ḍăw,"CORVAM Tetouan: phonology/diphthongs, older medina informant",tetouan attestation; recorded mdini speaker,"Only electricity noun is attested here; power-cut phrase is still blank. Scholarly spelling is evidence, not learner-ready phonetics or harakat.",https://corvam.unizar.es/en/localities/tetouan/,,Draft for Ahmed review; not learner-ready; no automatic import
V25,A,Repairs,Ask where I can fix it; then ask repair cost or completion time,text-only verb chunk plus new follow-up,m2-makhdamsh;s8-2;w2-bshhal;w2-fuyax,n-SEL-hu,existing sentence s8-2 phon; inherited/unverified,pending Ahmed,Where can I fix it is already taught. Promote exact inflected chunk only if helpful; repair cost/time follow-ups are new.,https://github.com/a7mad7amdoun/darija-tetouan/blob/22d6b0c/data/month2.js,,Draft for Ahmed review; not learner-ready; no automatic import
V26,B,Home,Ask where to put household rubbish,new intention,m2-dar;w3-fin;w3-hna,,English elicitation only,pending Ahmed,Rubbish and dispose/put are new; avoid inventing local collection rules or times.,,,Draft for Ahmed review; not learner-ready; no automatic import
V27,A,Outside home,Ask where the toilet is,new intention,w3-fin;w3-smehli;w1-please,,English elicitation only,pending Ahmed,Bathhouse w1-hammam is not automatic evidence for the intended toilet expression. Elicit register and noun.,,,Draft for Ahmed review; not learner-ready; no automatic import
V28,A,Help,Tell someone I need urgent help and ask them to call for help,new sense/intention,w3-help;m2-3awenni;m2-tbib;m2-telefon,,English elicitation only,pending Ahmed,Basic help already exists. Add urgent/call-for-help wording only; do not invent emergency numbers or medical instructions.,,,Draft for Ahmed review; not learner-ready; no automatic import
V29,A,Health,Recognize and report fever,dialogue-only; possible standalone word,w2-mrid;m2-tbib;d4,s-skhu-NA,existing dialogue d4 Pharmacist fever question; inherited/unverified,pending Ahmed,Fever occurs in d4 and has no standalone card. Do not repurpose the fictional medicine dosage in that dialogue as advice.,https://github.com/a7mad7amdoun/darija-tetouan/blob/22d6b0c/data/month3.js,,Draft for Ahmed review; not learner-ready; no automatic import
V30,B,Hospitality,Say I am full after a meal,dialogue-only; possible standalone chunk,m2-safi-shukran;d5,SHBE3T,existing dialogue d5 Hamza departure turn; inherited/unverified,pending Ahmed,"Enough thank you already has a card; fullness is a separate useful meaning, already in the dialogue.",https://github.com/a7mad7amdoun/darija-tetouan/blob/22d6b0c/data/month3.js,,Draft for Ahmed review; not learner-ready; no automatic import
V31,B,Clothes,Ask to try on a shirt and ask for another size,new intention/sense,x-qamija;m2-kbir;m2-sghir;w2-wash,,English elicitation only,pending Ahmed,Shirt and big/small exist. Try on and size/fit need new forms; do not mark the whole shopping domain absent.,,,Draft for Ahmed review; not learner-ready; no automatic import
V32,B,Shopping,Explain an item is defective and request an exchange,new intention,m2-kharban;m2-makhdamsh;m3-shrit;m3-rje3t,,English elicitation only,pending Ahmed,Broken/bought/went back are present; exchange request is new. Do not promise legal return rights or store policies.,,,Draft for Ahmed review; not learner-ready; no automatic import
V33,A,Conversation repair,Confirm whether I heard twenty or thirty,new repair intention using known numbers,w2-n20;w1-3awed;s6-5;repair,,English elicitation only,pending Ahmed,Repair ladder already exists. Add alternative-choice confirmation in price/phone context instead of another generic repeat card.,,,Draft for Ahmed review; not learner-ready; no automatic import
V34,A,Conversation management,Ask someone to wait a moment,new intention/person,m3-ntsenna;m2-shwiya-lwaqt;w1-please,,English elicitation only,pending Ahmed,I will wait already exists; a polite request for the other person to wait is a different form. Do not infer imperative.,,,Draft for Ahmed review; not learner-ready; no automatic import
V35,C,Neighbourhood,Recognize the local northern word for dog,attested lexical addition,,žru,CORVAM Tetouan: Lexicon,north; explicitly shared northern word,"Ask Ahmed whether learners should produce it, recognize it, or use another locally common form. Not exclusive to Tetouan; no Arabic or plural fabricated.",https://corvam.unizar.es/en/localities/tetouan/,,Draft for Ahmed review; not learner-ready; no automatic import
V36,B,Local crafts and repairs,Recognize carpenters and ask for a carpenter,attested plural plus new request,m2-kharban;s8-2;x-tabla,nǝžžāɹa,"CORVAM Tetouan: final transcription paragraph, craft occupations; Spanish translation",tetouan attestation; recording identified mdini,Source gives carpenters plural in a recorded list. Singular and find-a-carpenter request await Ahmed; do not generate them from the plural.,https://corvam.unizar.es/en/localities/tetouan/,,Draft for Ahmed review; not learner-ready; no automatic import
